product_id,product_name,category,sub_category,cost,selling_price,category_subcategory_consistent
P0001,Stationery Product 1,Office Supplies,Stationery,115.78,163.24,Yes
P0002,Paper Product 2,Office Supplies,Paper,64.25,87.97,Yes
P0003,Cookware Product 3,Home & Kitchen,Cookware,770.19,1193.82,Yes
P0004,Accessories Product 4,Electronics,Accessories,686.46,1026.06,Yes
P0005,Men Product 5,Clothing,Men,567.23,672.19,Yes
P0006,Appliances Product 6,Home & Kitchen,Appliances,149.21,235.71,Yes
P0007,Printers Product 7,Office Supplies,Printers,854.41,1457.27,Yes
P0008,Printers Product 8,Office Supplies,Printers,128.3,208.12,Yes
P0009,Accessories Product 9,Electronics,Accessories,785.27,941.01,Yes
P0010,Appliances Product 10,Home & Kitchen,Appliances,832.19,1005.24,Yes
P0011,Stationery Product 11,Office Supplies,Stationery,415.83,493.47,Yes
P0012,Chairs Product 12,Furniture,Chairs,894.74,1450.14,Yes
P0013,Printers Product 13,Office Supplies,Printers,263.26,323.43,Yes
P0014,Women Product 14,Clothing,Women,413.45,470.73,Yes
P0015,Decor Product 15,Home & Kitchen,Decor,897.03,1243.47,Yes
P0016,Stationery Product 16,Office Supplies,Stationery,359.55,422.42,Yes
P0017,Chairs Product 17,Furniture,Chairs,456.9,608.84,Yes
P0018,Mobiles Product 18,Electronics,Mobiles,765.67,942.45,Yes
P0019,Chairs Product 19,Furniture,Chairs,44.02,52.42,Yes
P0020,Cookware Product 20,Home & Kitchen,Cookware,729.28,1187.83,Yes
P0021,Cookware Product 21,Home & Kitchen,Cookware,368.8,442.39,Yes
P0022,Women Product 22,Clothing,Women,305.85,494.11,Yes
P0023,Tables Product 23,Furniture,Tables,211.31,266.35,Yes
P0024,Paper Product 24,Office Supplies,Paper,827.54,956.81,Yes
P0025,Paper Product 25,Office Supplies,Paper,172.86,271.48,Yes
P0026,Mobiles Product 26,Electronics,Mobiles,567.0,733.81,Yes
P0027,Men Product 27,Clothing,Men,771.98,938.66,Yes
P0028,Laptops Product 28,Electronics,Laptops,519.71,607.84,Yes
P0029,Men Product 29,Clothing,Men,722.34,986.11,Yes
P0030,Laptops Product 30,Electronics,Laptops,320.28,484.37,Yes
P0031,Appliances Product 31,Home & Kitchen,Appliances,113.67,163.53,Yes
P0032,Mobiles Product 32,Electronics,Mobiles,875.49,1140.5,Yes
P0033,Paper Product 33,Office Supplies,Paper,488.41,709.39,Yes
P0034,Chairs Product 34,Furniture,Chairs,502.05,611.76,Yes
P0035,Printers Product 35,Office Supplies,Printers,753.29,1002.9,Yes
P0036,Kids Product 36,Clothing,Kids,882.0,1048.47,Yes
P0037,Mobiles Product 37,Electronics,Mobiles,544.29,636.93,Yes
P0038,Stationery Product 38,Office Supplies,Stationery,242.44,407.88,Yes
P0039,Stationery Product 39,Office Supplies,Stationery,688.78,901.56,Yes
P0040,Appliances Product 40,Home & Kitchen,Appliances,778.2,884.44,Yes
P0041,Chairs Product 41,Furniture,Chairs,334.3,496.05,Yes
P0042,Mobiles Product 42,Electronics,Mobiles,69.02,87.96,Yes
P0043,Paper Product 43,Office Supplies,Paper,14.82,20.6,Yes
P0044,Laptops Product 44,Electronics,Laptops,265.87,386.64,Yes
P0045,Storage Product 45,Furniture,Storage,244.48,312.94,Yes
P0046,Men Product 46,Clothing,Men,861.63,1047.14,Yes
P0047,Men Product 47,Clothing,Men,406.08,493.29,Yes
P0048,Appliances Product 48,Home & Kitchen,Appliances,95.33,138.57,Yes
P0049,Tables Product 49,Furniture,Tables,588.64,908.38,Yes
P0050,Appliances Product 50,Home & Kitchen,Appliances,827.4,1253.56,Yes
P0051,Decor Product 51,Home & Kitchen,Decor,651.66,843.61,Yes
P0052,Men Product 52,Clothing,Men,386.04,453.69,Yes
P0053,Stationery Product 53,Office Supplies,Stationery,48.4,55.07,Yes
P0054,Storage Product 54,Furniture,Storage,623.51,876.4,Yes
P0055,Women Product 55,Clothing,Women,517.78,845.32,Yes
P0056,Women Product 56,Clothing,Women,546.21,736.19,Yes
P0057,Women Product 57,Clothing,Women,631.71,1078.55,Yes
P0058,Tables Product 58,Furniture,Tables,359.06,477.75,Yes
P0059,Cookware Product 59,Home & Kitchen,Cookware,891.66,1334.89,Yes
P0060,Stationery Product 60,Office Supplies,Stationery,340.64,453.73,Yes
P0061,Laptops Product 61,Electronics,Laptops,479.76,753.65,Yes
P0062,Cookware Product 62,Home & Kitchen,Cookware,186.59,282.03,Yes
P0063,Accessories Product 63,Electronics,Accessories,243.66,351.53,Yes
P0064,Cookware Product 64,Home & Kitchen,Cookware,757.41,902.56,Yes
P0065,Men Product 65,Clothing,Men,442.51,510.54,Yes
P0066,Mobiles Product 66,Electronics,Mobiles,711.51,851.71,Yes
P0067,Women Product 67,Clothing,Women,890.89,1223.37,Yes
P0068,Stationery Product 68,Office Supplies,Stationery,507.33,615.54,Yes
P0069,Chairs Product 69,Furniture,Chairs,612.85,805.04,Yes
P0070,Laptops Product 70,Electronics,Laptops,37.94,60.59,Yes
P0071,Paper Product 71,Office Supplies,Paper,677.48,885.13,Yes
P0072,Cookware Product 72,Home & Kitchen,Cookware,230.43,276.5,Yes
P0073,Cookware Product 73,Home & Kitchen,Cookware,629.1,765.93,Yes
P0074,Stationery Product 74,Office Supplies,Stationery,405.74,497.71,Yes
P0075,Tables Product 75,Furniture,Tables,139.88,192.39,Yes
P0076,Appliances Product 76,Home & Kitchen,Appliances,442.13,562.13,Yes
P0077,Tables Product 77,Furniture,Tables,396.04,651.79,Yes
P0078,Women Product 78,Clothing,Women,738.46,909.09,Yes
P0079,Stationery Product 79,Office Supplies,Stationery,76.83,101.93,Yes
P0080,Kids Product 80,Clothing,Kids,755.97,1064.41,Yes
P0081,Women Product 81,Clothing,Women,167.77,193.1,Yes
P0082,Accessories Product 82,Electronics,Accessories,158.66,186.08,Yes
P0083,Storage Product 83,Furniture,Storage,867.53,1248.02,Yes
P0084,Tables Product 84,Furniture,Tables,751.58,918.15,Yes
P0085,Stationery Product 85,Office Supplies,Stationery,327.75,540.67,Yes
P0086,Printers Product 86,Office Supplies,Printers,589.29,695.92,Yes
P0087,Women Product 87,Clothing,Women,228.34,371.57,Yes
P0088,Paper Product 88,Office Supplies,Paper,58.34,87.25,Yes
P0089,Cookware Product 89,Home & Kitchen,Cookware,756.14,881.68,Yes
P0090,Accessories Product 90,Electronics,Accessories,43.23,49.6,Yes
P0091,Women Product 91,Clothing,Women,206.95,294.85,Yes
P0092,Men Product 92,Clothing,Men,41.5,62.7,Yes
P0093,Appliances Product 93,Home & Kitchen,Appliances,594.21,907.16,Yes
P0094,Paper Product 94,Office Supplies,Paper,695.08,869.42,Yes
P0095,Cookware Product 95,Home & Kitchen,Cookware,87.11,138.62,Yes
P0096,Mobiles Product 96,Electronics,Mobiles,459.15,778.97,Yes
P0097,Tables Product 97,Furniture,Tables,802.79,1208.85,Yes
P0098,Kids Product 98,Clothing,Kids,817.94,1403.73,Yes
P0099,Appliances Product 99,Home & Kitchen,Appliances,718.45,1124.95,Yes
P0100,Women Product 100,Clothing,Women,258.19,437.27,Yes
